original_module	branded_module
cbx_1__0_	vsd_cbx_1__0_
cbx_1__1_	vsd_cbx_1__1_
cbx_1__2_	vsd_cbx_1__2_
cby_0__1_	vsd_cby_0__1_
cby_1__1_	vsd_cby_1__1_
cby_2__1_	vsd_cby_2__1_
const0	vsd_const0
const1	vsd_const1
fpga_top	vsd_fpga_core_scl_2x2
grid_clb	vsd_grid_clb
grid_io_bottom	vsd_grid_io_bottom
grid_io_left	vsd_grid_io_left
grid_io_right	vsd_grid_io_right
grid_io_top	vsd_grid_io_top
logical_tile_clb_mode_clb_	vsd_logical_tile_clb_mode_clb_
logical_tile_clb_mode_default__fle	vsd_logical_tile_clb_mode_default__fle
logical_tile_clb_mode_default__fle_mode_physical__fabric	vsd_logical_tile_clb_mode_default__fle_mode_physical__fabric
logical_tile_clb_mode_default__fle_mode_physical__fabric_mode_default__ff	vsd_logical_tile_clb_mode_default__fle_mode_physical__fabric_mode_default__ff
logical_tile_clb_mode_default__fle_mode_physical__fabric_mode_default__frac_logic	vsd_logical_tile_clb_mode_default__fle_mode_physical__fabric_mode_default__frac_logic
logical_tile_clb_mode_default__fle_mode_physical__fabric_mode_default__frac_logic_mode_default__frac_lut4	vsd_logical_tile_clb_mode_default__fle_mode_physical__fabric_mode_default__frac_logic_mode_default__frac_lut4
logical_tile_io_mode_io_	vsd_logical_tile_io_mode_io_
logical_tile_io_mode_physical__iopad	vsd_logical_tile_io_mode_physical__iopad
sb_0__0_	vsd_sb_0__0_
sb_0__1_	vsd_sb_0__1_
sb_0__2_	vsd_sb_0__2_
sb_1__0_	vsd_sb_1__0_
sb_1__1_	vsd_sb_1__1_
sb_1__2_	vsd_sb_1__2_
sb_2__0_	vsd_sb_2__0_
sb_2__1_	vsd_sb_2__1_
sb_2__2_	vsd_sb_2__2_
vsd_direct_interc	vsd_direct_interc
vsd_frac_lut4	vsd_frac_lut4
vsd_frac_lut4_mux	vsd_frac_lut4_mux
vsd_frac_lut4_vsd_scl_cfg_ff_mem	vsd_frac_lut4_vsd_scl_cfg_ff_mem
vsd_mux_tree_size2	vsd_mux_tree_size2
vsd_mux_tree_size2_mem	vsd_mux_tree_size2_mem
vsd_mux_tree_tapbuf_size10	vsd_mux_tree_tapbuf_size10
vsd_mux_tree_tapbuf_size10_mem	vsd_mux_tree_tapbuf_size10_mem
vsd_mux_tree_tapbuf_size11	vsd_mux_tree_tapbuf_size11
vsd_mux_tree_tapbuf_size11_mem	vsd_mux_tree_tapbuf_size11_mem
vsd_mux_tree_tapbuf_size12	vsd_mux_tree_tapbuf_size12
vsd_mux_tree_tapbuf_size12_mem	vsd_mux_tree_tapbuf_size12_mem
vsd_mux_tree_tapbuf_size2	vsd_mux_tree_tapbuf_size2
vsd_mux_tree_tapbuf_size2_mem	vsd_mux_tree_tapbuf_size2_mem
vsd_mux_tree_tapbuf_size3	vsd_mux_tree_tapbuf_size3
vsd_mux_tree_tapbuf_size3_mem	vsd_mux_tree_tapbuf_size3_mem
vsd_mux_tree_tapbuf_size4	vsd_mux_tree_tapbuf_size4
vsd_mux_tree_tapbuf_size4_mem	vsd_mux_tree_tapbuf_size4_mem
vsd_mux_tree_tapbuf_size5	vsd_mux_tree_tapbuf_size5
vsd_mux_tree_tapbuf_size5_mem	vsd_mux_tree_tapbuf_size5_mem
vsd_mux_tree_tapbuf_size6	vsd_mux_tree_tapbuf_size6
vsd_mux_tree_tapbuf_size6_mem	vsd_mux_tree_tapbuf_size6_mem
vsd_mux_tree_tapbuf_size7	vsd_mux_tree_tapbuf_size7
vsd_mux_tree_tapbuf_size7_mem	vsd_mux_tree_tapbuf_size7_mem
vsd_mux_tree_tapbuf_size8	vsd_mux_tree_tapbuf_size8
vsd_mux_tree_tapbuf_size8_mem	vsd_mux_tree_tapbuf_size8_mem
vsd_mux_tree_tapbuf_size9	vsd_mux_tree_tapbuf_size9
vsd_mux_tree_tapbuf_size9_mem	vsd_mux_tree_tapbuf_size9_mem
vsd_scl_buf	vsd_scl_buf
vsd_scl_buf4	vsd_scl_buf4
vsd_scl_cfg_ff	vsd_scl_cfg_ff
vsd_scl_gpio	vsd_scl_gpio
vsd_scl_gpio_vsd_scl_cfg_ff_mem	vsd_scl_gpio_vsd_scl_cfg_ff_mem
vsd_scl_inv	vsd_scl_inv
vsd_scl_inv2	vsd_scl_inv2
vsd_scl_mux2	vsd_scl_mux2
vsd_scl_or2	vsd_scl_or2
vsd_scl_user_scan_ff	vsd_scl_user_scan_ff
vsd_test_and2	vsd_test_and2
vsd_test_and2_autocheck_top_tb	vsd_test_and2_autocheck_top_tb
